Workbook

Sheet Summary
A1: Reconciliation: AC2000, Big Box Retailer B (example)
A2: Tolerance $0.05 | PO suffix rule: none | payments exported as negative: yes
A4: Status | B4: Invoices | C4: Invoice amount | D4: Net paid | E4: Difference
A5: Paid | B5: =COUNTIF(Invoices!$J$2:$J$23,A5) | C5: =SUMIF(Invoices!$J$2:$J$23,A5,Invoices!$D$2:$D$23) | D5: =SUMIF(Invoices!$J$2:$J$23,A5,Invoices!$G$2:$G$23) | E5: =SUMIF(Invoices!$J$2:$J$23,A5,Invoices!$H$2:$H$23)
A6: Unpaid | B6: =COUNTIF(Invoices!$J$2:$J$23,A6) | C6: =SUMIF(Invoices!$J$2:$J$23,A6,Invoices!$D$2:$D$23) | D6: =SUMIF(Invoices!$J$2:$J$23,A6,Invoices!$G$2:$G$23) | E6: =SUMIF(Invoices!$J$2:$J$23,A6,Invoices!$H$2:$H$23)
A7: Short Pay | B7: =COUNTIF(Invoices!$J$2:$J$23,A7) | C7: =SUMIF(Invoices!$J$2:$J$23,A7,Invoices!$D$2:$D$23) | D7: =SUMIF(Invoices!$J$2:$J$23,A7,Invoices!$G$2:$G$23) | E7: =SUMIF(Invoices!$J$2:$J$23,A7,Invoices!$H$2:$H$23)
A8: Overpaid | B8: =COUNTIF(Invoices!$J$2:$J$23,A8) | C8: =SUMIF(Invoices!$J$2:$J$23,A8,Invoices!$D$2:$D$23) | D8: =SUMIF(Invoices!$J$2:$J$23,A8,Invoices!$G$2:$G$23) | E8: =SUMIF(Invoices!$J$2:$J$23,A8,Invoices!$H$2:$H$23)
A9: Duplicate | B9: =COUNTIF(Invoices!$J$2:$J$23,A9) | C9: =SUMIF(Invoices!$J$2:$J$23,A9,Invoices!$D$2:$D$23) | D9: =SUMIF(Invoices!$J$2:$J$23,A9,Invoices!$G$2:$G$23) | E9: =SUMIF(Invoices!$J$2:$J$23,A9,Invoices!$H$2:$H$23)
A10: Total | B10: =SUM(B5:B9) | C10: =SUM(C5:C9) | D10: =SUM(D5:D9) | E10: =SUM(E5:E9)
A12: Findings
A13: Owed to you (Unpaid + Short Pay) | B13: 1268.11
A14: Excess received (Overpaid + Duplicate) | B14: 1290.49
A15: Unapplied payments (no invoice) | B15: 1 lines, $450.00
A16: Deductions taken | B16: 3 lines, $72.00
A17: Short payments explained by deductions | B17: =COUNTIF(Invoices!$K$2:$K$23,"Yes")
A19: Row accounting
A20: Invoice rows read | B20: 22
A21: used | B21: 22
A22: rejected | B22: 0
A23: Payment rows read | B23: 24
A24: used | B24: 24
A25: rejected | B25: 0
A26: Every row accounted for

Sheet Invoices
A1: PO | B1: Original PO | C1: Invoice date | D1: Invoice amount | E1: Received | F1: Deductions | G1: Net paid | H1: Difference | I1: Payment lines | J1: Status | K1: Explained by deductions
A2: 2088012070 | B2: 2088012070 | C2: 2026-06-01 | D2: 365.41 | E2: 730.82 | F2: 0 | G2: 730.82 | H2: -365.41 | I2: 2 | J2: Duplicate
A3: 2088012077 | B3: 2088012077 | C3: 2026-06-02 | D3: 1095.08 | E3: 1095.08 | F3: 0 | G3: 1095.08 | H3: 0 | I3: 1 | J3: Paid
A4: 2088012084 | B4: 2088012084 | C4: 2026-06-03 | D4: 1162.98 | E4: 1162.98 | F4: 30 | G4: 1132.98 | H4: 30 | I4: 1 | J4: Short Pay | K4: Yes
A5: 2088012091 | B5: 2088012091 | C5: 2026-06-04 | D5: 618.01 | E5: 618.01 | F5: 0 | G5: 618.01 | H5: 0 | I5: 1 | J5: Paid
A6: 2088012098 | B6: 2088012098 | C6: 2026-06-05 | D6: 61.23 | E6: 61.23 | F6: 0 | G6: 61.23 | H6: 0 | I6: 1 | J6: Paid
A7: 2088012105 | B7: 2088012105 | C7: 2026-06-06 | D7: 767.25 | E7: 767.25 | F7: 0 | G7: 767.25 | H7: 0 | I7: 1 | J7: Paid
A8: 2088012112 | B8: 2088012112 | C8: 2026-06-07 | D8: 2325.79 | E8: 2790.94 | F8: 0 | G8: 2790.94 | H8: -465.15 | I8: 1 | J8: Overpaid
A9: 2088012119 | B9: 2088012119 | C9: 2026-06-08 | D9: 2166.09 | E9: 2166.05 | F9: 0 | G9: 2166.05 | H9: 0.04 | I9: 1 | J9: Paid
A10: 2088012126 | B10: 2088012126 | C10: 2026-06-09 | D10: 1613.83 | E10: 1452.44 | F10: 0 | G10: 1452.44 | H10: 161.39 | I10: 1 | J10: Short Pay
A11: 2088012133 | B11: 2088012133 | C11: 2026-06-10 | D11: 857.29 | E11: 857.29 | F11: 0 | G11: 857.29 | H11: 0 | I11: 1 | J11: Paid
A12: 2088012140 | B12: 2088012140 | C12: 2026-06-11 | D12: 2379.62 | E12: 2379.62 | F12: 0 | G12: 2379.62 | H12: 0 | I12: 1 | J12: Paid
A13: 2088012147 | B13: 2088012147 | C13: 2026-06-12 | D13: 111.46 | E13: 0 | F13: 0 | G13: 0 | H13: 111.46 | I13: 0 | J13: Unpaid
A14: 2088012154 | B14: 2088012154 | C14: 2026-06-13 | D14: 612.36 | E14: 551.12 | F14: 0 | G14: 551.12 | H14: 61.24 | I14: 1 | J14: Short Pay
A15: 2088012161 | B15: 2088012161 | C15: 2026-06-14 | D15: 551.01 | E15: 0 | F15: 0 | G15: 0 | H15: 551.01 | I15: 0 | J15: Unpaid
A16: 2088012168 | B16: 2088012168 | C16: 2026-06-15 | D16: 1093.56 | E16: 1093.56 | F16: 30 | G16: 1063.56 | H16: 30 | I16: 1 | J16: Short Pay | K16: Yes
A17: 2088012175 | B17: 2088012175 | C17: 2026-06-16 | D17: 2299.69 | E17: 2759.62 | F17: 0 | G17: 2759.62 | H17: -459.93 | I17: 1 | J17: Overpaid
A18: 2088012182 | B18: 2088012182 | C18: 2026-06-17 | D18: 1638.15 | E18: 1638.15 | F18: 0 | G18: 1638.15 | H18: 0 | I18: 1 | J18: Paid
A19: 2088012189 | B19: 2088012189 | C19: 2026-06-18 | D19: 1742.53 | E19: 1742.53 | F19: 0 | G19: 1742.53 | H19: 0 | I19: 1 | J19: Paid
A20: 2088012196 | B20: 2088012196 | C20: 2026-06-19 | D20: 1572.46 | E20: 1572.46 | F20: 0 | G20: 1572.46 | H20: 0 | I20: 1 | J20: Paid
A21: 2088012203 | B21: 2088012203 | C21: 2026-06-20 | D21: 323.01 | E21: 0 | F21: 0 | G21: 0 | H21: 323.01 | I21: 0 | J21: Unpaid
A22: 2088012210 | B22: 2088012210 | C22: 2026-06-21 | D22: 170.38 | E22: 170.38 | F22: 0 | G22: 170.38 | H22: 0 | I22: 1 | J22: Paid
A23: 2088012217 | B23: 2088012217 | C23: 2026-06-22 | D23: 443.67 | E23: 443.63 | F23: 0 | G23: 443.63 | H23: 0.04 | I23: 1 | J23: Paid

Sheet Unapplied payments
A1: File row | B1: Original PO | C1: PO | D1: Amount | E1: Date | F1: Description
A2: 18 | B2: 2088999001 | C2: 2088999001 | D2: 450 | E2: 2026-06-20 | F2: Remittance, no order

Sheet Deductions
A1: File row | B1: PO | C1: Category | D1: Amount | E1: Description | F1: Has invoice
A2: 7 | B2: 2088999002 | C2: Freight | D2: 12 | E2: Freight charge | F2: FALSE
A3: 10 | B3: 2088012084 | C3: Commission | D3: 30 | E3: Commission and referral fee | F3: TRUE
A4: 11 | B4: 2088012168 | C4: Commission | D4: 30 | E4: Commission and referral fee | F4: TRUE

Sheet Rejected rows
A1: File row | B1: PO | C1: Amount | D1: Reason | E1: File
